Qatar,1,Saad Al Sheeb,GK,2/19/1990,Al-Sadd
Qatar,21,Yousef Hassan,GK,5/24/1996,Al-Gharafa
Qatar,22,Meshaal Barsham,GK,2/14/1998,Al-Sadd
Qatar,2,Ró-Ró,DF,8/6/1990,Al-Sadd
Qatar,3,Abdelkarim Hassan,DF,8/28/1993,Al-Sadd
Qatar,5,Tarek Salman,DF,12/5/1997,Al-Sadd
Qatar,13,Musab Kheder,DF,9/26/1993,Al-Sadd
Qatar,14,Homam Ahmed,DF,8/25/1999,Al-Gharafa
Qatar,15,Bassam Al-Rawi,DF,12/16/1997,Al-Duhail
Qatar,16,Boualem Khoukhi,DF,9/7/1990,Al-Sadd
Qatar,6,Abdulaziz Hatem,MF,10/28/1990,Al-Rayyan
Qatar,4,Mohammed Waad,MF,9/18/1999,Al-Sadd]
Qatar,8,Ali Assadalla,MF,11/30/2021,Al-Sadd
Qatar,12,Karim Boudiaf,MF,9/16/1990,Al-Duhail
Qatar,20,Abdullah Al-Ahrak,MF,5/10/1997,Al-Duhail
Qatar,23,Assim Madibo,MF,10/22/1996,Al-Duhail
Qatar,11,Akram Afif,FW,11/18/1996,Al-Sadd
Qatar,7,Ahmed Alaaeldin,FW,1/31/1993,Al-Gharafa
Qatar,9,Mohammed Muntari,FW,12/20/1993,Al-Duhail
Qatar,10,Hassan Al-Haydos,FW,12/11/1990,Al-Sadd]
Qatar,17,Ismaeel Mohammad,FW,4/5/1990,Al-Duhail
Qatar,18,Khalid Muneer,FW,11/30/2021,Al-Wakrah
Qatar,19,Almoez Ali,FW,8/19/1996,Al-Duhail
Ecuador,1,Hernán Galíndez,GK,3/30/1987,Universidad de Chile
Ecuador,22,Moisés Ramírez,GK,9/9/2000,Independiente del Valle
Ecuador,12,Jorge Pinos,GK,10/3/1989,Club 9 de Octubre
Ecuador,4,Robert Arboleda,DF,10/22/1991,São Paulo
Ecuador,7,Pervis Estupiñán,DF,1/21/1998,Villarreal
Ecuador,17,Ángelo Preciado,DF,2/18/1998,Genk
Ecuador,3,Piero Hincapié,DF,1/9/2002,Bayer Leverkusen
Ecuador,14,Xavier Arreaga,DF,9/28/1994,Seattle Sounders
Ecuador,18,Diego Palacios,DF,7/12/1999,Los Angeles FC
Ecuador,6,Byron Castillo,DF,11/10/1998,Barcelona
Ecuador,2,Fernando León,DF,4/11/1993,Atlético San Luis
Ecuador,8,Carlos Gruezo,MF,4/19/1995,FC Augsburg
Ecuador,15,Ángel Mena,MF,1/21/1988,Club León
Ecuador,20,Sebas Méndez,MF,4/26/1997,Orlando City
Ecuador,19,Gonzalo Plata,MF,11/1/2000,Real Valladolid
Ecuador,10,Romario Ibarra,MF,9/24/1994,Pachuca
Ecuador,23,Moisés Caicedo,MF,11/2/2001,Brighton & Hove Albion
Ecuador,21,Alan Franco,MF,8/21/1998,Charlotte FC
Ecuador,,Joao Rojas,MF,8/16/1997,Emelec
Ecuador,,José Cifuentes,MF,3/12/1999,Los Angeles FC
Ecuador,5,Michael Carcelén,MF,4/13/1997,Barcelona
Ecuador,16,Jeremy Sarmiento,MF,7/16/2002,Brighton & Hove Albion
Ecuador,,Danny Cabezas,MF,1/29/1993,Independiente del Valle
Ecuador,13,Enner Valencia,FW,11/4/1989,Fenerbahçe
Ecuador,11,Michael Estrada,FW,4/7/1996,D.C. United
Ecuador,9,Jordy Caicedo,FW,11/18/1997,CSKA Sofia
Ecuador,,Djorkaeff Reasco,FW,1/18/1999,Newell's Old Boys
Senegal,16,Khadim N'Diaye,GK,11/30/1984,Horoya
Senegal,1,Abdoulaye Diallo,GK,3/30/1992,Rennes
Senegal,23,Pape Seydou N'Diaye,GK,2/11/1993,ASC Diaraf
Senegal,24,Alfred Gomis,GK,9/5/1993,SPAL
Senegal,21,Lamine Gassama,DF,10/20/1989,Alanyaspor
Senegal,3,Kalidou Koulibaly,DF,6/20/1991,Napoli
Senegal,18,Pape Ndiaye Souaré,DF,6/6/1990,Crystal Palace
Senegal,20,Salif Sané,DF,8/25/1990,Hannover 96
Senegal,25,Papy Djilobodji,DF,12/1/1988,Dijon
Senegal,26,Moussa Wagué,DF,10/4/1998,Eupen
Senegal,27,Armand Traoré,DF,10/8/1989,Nottingham Forest
Senegal,2,Fallou Diagne,DF,8/14/1989,Metz
Senegal,6,Youssouf Sabaly,DF,3/5/1993,Bordeaux
Senegal,5,Idrissa Gana Gueye,MF,9/26/1989,Everton
Senegal,8,Cheikhou Kouyaté,MF,12/21/1989,West Ham United
Senegal,22,Henri Saivet,MF,10/26/1990,Sivasspor
Senegal,11,Cheikh Ndoye,MF,3/29/1986,Birmingham City
Senegal,17,Badou Ndiaye,MF,10/27/1990,Stoke City
Senegal,4,Alfred Ndiaye,MF,3/6/1990,Wolverhampton Wanderers
Senegal,28,Assane Dioussé,MF,9/20/1997,Saint-Étienne
Senegal,10,Sadio Mané,FW,4/10/1992,Liverpool
Senegal,7,Moussa Sow,FW,1/19/1986,Bursaspor
Senegal,9,Mame Diouf,FW,12/16/1987,Stoke City
Senegal,13,Moussa Konaté,FW,4/3/1993,Amiens
Senegal,14,Keita Baldé Diao,FW,3/8/1995,Monaco
Senegal,19,Ismaïla Sarr,FW,2/25/1998,Rennes
Senegal,15,Diafra Sakho,FW,12/24/1989,Rennes
Senegal,29,Oumar Niasse,FW,4/18/1990,Everton
Senegal,12,M'Baye Niang,FW,12/19/1994,Torino
Senegal,30,Santy Ngom,FW,3/7/1993,Nantes
Netherlands,,Jasper Cillessen,GK,4/22/1989,Valencia CF
Netherlands,,Tim Krul,GK,4/3/1988,Norwich City
Netherlands,,Mark Flekken,GK,6/13/1993,SC Freiburg
Netherlands,,Daley Blind,DF,3/9/1990,Ajax
Netherlands,,Stefan de Vrij,DF,2/5/1992,Inter Milan
Netherlands,,Virgil van Dijk,DF,7/8/1991,Liverpool
Netherlands,,Matthijs de Ligt,DF,8/12/1999,Juventus
Netherlands,,Denzel Dumfries,DF,4/18/1996,Inter Milan
Netherlands,,Nathan Aké,DF,2/18/1995,Manchester City
Netherlands,,Hans Hateboer,DF,1/9/1994,Atalanta
Netherlands,,Owen Wijndal,DF,11/28/1999,AZ Alkmaar
Netherlands,,Jurriën Timber,DF,6/17/2001,Ajax
Netherlands,,Rick Karsdorp,DF,2/11/1995,A.S. Roma
Netherlands,,Tyrell Malacia,DF,9/17/1999,Feyenoord
Netherlands,,Jordan Teze,DF,9/30/1999,PSV Eindhoven
Netherlands,,Frenkie de Jong,MF,5/12/1997,FC Barcelona
Netherlands,,Davy Klaassen,MF,2/21/1993,Ajax
Netherlands,,Marten de Roon,MF,3/29/1991,Atalanta
Netherlands,,Jordy Clasie,MF,6/27/1991,AZ Alkmaar
Netherlands,,Teun Koopmeiners,MF,2/28/1998,Atalanta
Netherlands,,Guus Til,MF,12/22/1997,Feyenoord
Netherlands,,Memphis Depay,FW,2/13/1994,FC Barcelona
Netherlands,,Luuk de Jong,FW,8/27/1990,FC Barcelona
Netherlands,,Steven Berghuis,FW,12/19/1991,Ajax
Netherlands,,Steven Bergwijn,FW,10/8/1997,Tottenham Hotspur
Netherlands,,Vincent Janssen,FW,6/15/1994,Monterrey
Netherlands,,Wout Weghorst,FW,8/7/1992,Burnley
Netherlands,,Arnaut Danjuma,FW,1/31/1997,Villarreal
Netherlands,,Cody Gakpo,FW,5/7/1999,PSV Eindhoven
Netherlands,,Noa Lang,FW,6/17/1999,Club Brugge
SaudiArabia,1,Waleed Abdullah,GK,4/19/1986,Al-Nassr
SaudiArabia,22,Abdulquddus Atiah,GK,3/1/1997,Al-Fayha
SaudiArabia,2,Saeed Al Mowalad,DF,3/9/1991,Al-Ahli
SaudiArabia,4,Abdullah Al-Zori,DF,8/13/1987,Al-Hilal
SaudiArabia,5,Mohammed Jahfali,DF,10/24/1990,Al-Hilal
SaudiArabia,12,Hassan Muath,DF,1/27/1986,Al-Shabab
SaudiArabia,20,Ahmed Assiri,DF,11/14/1991,Al-Ittihad
SaudiArabia,23,Saeed Al-Robeai,DF,6/4/1994,Al-Faisaly
SaudiArabia,6,Waleed Bakshween,MF,11/12/1989,Al-Ahli
SaudiArabia,7,Mohammed Al-Kwikbi,MF,8/8/1994,Al-Ettifaq
SaudiArabia,10,Mohammad Al-Shalhoub,MF,12/8/1980,Al-Hilal
SaudiArabia,14,Mohammed Abousaban,MF,1/20/1990,Al-Faisaly
SaudiArabia,16,Ibrahim Ghaleb,MF,9/28/1990,Al-Nassr
SaudiArabia,17,Ahmed Al-Fraidi,MF,1/29/1988,Al-Nassr
SaudiArabia,24,Abdullah Al-Khaibari,MF,8/16/1996,Al-Shabab
SaudiArabia,9,Abdulfattah Adam,FW,1/1/1995,Al-Taawoun
SaudiArabia,15,Nasser Al-Shamrani,FW,11/23/1983,Al-Shabab
SaudiArabia,19,Hassan Al-Raheb,FW,4/7/1983,Al-Nassr
Uruguay,,Fernando Muslera,GK,6/16/1986,Galatasaray
Uruguay,,Martín Silva,GK,3/23/1983,Vasco da Gama
Uruguay,,Martín Campaña,GK,5/29/1989,Independiente
Uruguay,,Maxi Pereira,DF,6/8/1984,Porto
Uruguay,,Diego Godín,DF,2/16/1986,Atlético Madrid
Uruguay,,Martín Cáceres,DF,4/7/1987,Lazio
Uruguay,,José María Giménez,DF,1/20/1995,Atlético Madrid
Uruguay,,Sebastián Coates,DF,10/7/1990,Sporting CP
Uruguay,,Gastón Silva,DF,3/5/1994,Independiente
Uruguay,,Mauricio Lemos,DF,12/28/1995,Sassuolo
Uruguay,,Federico Ricca,DF,12/1/1994,Málaga
Uruguay,,Nicolás Lodeiro,MF,3/21/1989,Seattle Sounders
Uruguay,,Gastón Ramírez,MF,12/2/1990,Sampdoria
Uruguay,,Carlos Sánchez,MF,12/2/1984,Monterrey
Uruguay,,Matías Vecino,MF,8/24/1991,Internazionale
Uruguay,,Giorgian De Arrascaeta,MF,5/1/1994,Cruzeiro
Uruguay,,Nahitan Nández,MF,12/28/1995,Boca Juniors
Uruguay,,Federico Valverde,MF,7/22/1998,Deportivo La Coruña
Uruguay,,Rodrigo Bentancur,MF,6/5/1997,Juventus
Uruguay,,Diego Laxalt,MF,2/7/1993,Genoa
Uruguay,,Lucas Torreira,MF,2/11/1996,Sampdoria
Uruguay,,Luis Suárez,FW,1/24/1987,Barcelona
Uruguay,,Edinson Cavani,FW,2/14/1987,Paris Saint-Germain
Uruguay,,Cristhian Stuani,FW,12/10/1986,Girona
Uruguay,,Jonathan Urretaviscaya,FW,3/19/1990,Monterrey
Uruguay,,Maximiliano Gómez,FW,8/14/1996,Celta
Uruguay,,Gastón Pereiro,FW,6/11/1995,PSV
South Korea,,Kim Seung-gyu,GK,9/30/1990,Kashiwa Reysol
South Korea,,Jo Hyeon-woo,GK,9/25/1991,Ulsan Hyundai
South Korea,,Kim Dong-jun,GK,12/19/1994,Jeju United
South Korea,,Song Bum-keun,GK,10/15/1997,Jeonbuk Hyundai Motors
South Korea,,Kim Young-gwon,DF,2/27/1990,Ulsan Hyundai
South Korea,,Kim Jin-su,DF,6/13/1992,Jeonbuk Hyundai Motors
South Korea,,Lee Yong,DF,12/24/1986,Jeonbuk Hyundai Motors
South Korea,,Hong Chul,DF,9/17/1990,Daegu FC
South Korea,,Kwon Kyung-won,DF,1/31/1992,Gamba Osaka
South Korea,,Kim Tae-hwan,DF,7/24/1989,Ulsan Hyundai
South Korea,,Kim Moon-hwan,DF,8/1/1995,Jeonbuk Hyundai Motors
South Korea,,Jung Seung-hyun,DF,4/3/1994,Gimcheon Sangmu FC
South Korea,,Cho Yu-min,DF,11/17/1996,Daejeon Hana Citizen
South Korea,,Park Min-gyu,DF,8/10/1995,Suwon FC
South Korea,,Son Heung-min,MF,7/8/1992,Tottenham Hotspur
South Korea,,Jung Woo-young,MF,12/14/1989,Al-Sadd
South Korea,,Hwang Hee-chan,MF,1/26/1996,Wolverhampton Wanderers
South Korea,,Kwon Chang-hoon,MF,6/30/1994,Gimcheon Sangmu
South Korea,,Hwang In-beom,MF,9/20/1996,FC Seoul
South Korea,,Na Sang-ho],MF,8/12/1996,FC Seoul
South Korea,,Song Min-kyu,MF,9/12/1999,Jeonbuk Hyundai Motors
South Korea,,Paik Seung-ho,MF,3/17/1997,Jeonbuk Hyundai Motors
South Korea,,Jeong Woo-yeong,MF,9/20/1999,SC Freiburg
South Korea,,Kim Jin-kyu,MF,2/24/1997,Jeonbuk Hyundai Motors
South Korea,,Um Won-sang,MF,1/6/1999,Ulsan Hyundai
South Korea,,Ko Seung-beom,MF,4/24/1994,Gimcheon Sangmu
South Korea,,Kim Dong-hyun,MF,6/11/1997,Gangwon FC
South Korea,,Hwang Ui-jo,FW,8/28/1992,Bordeaux
South Korea,,Cho Gue-sung,FW,1/25/1998,Gimcheon Sangmu
Portugal,1,José Sá,GK,1/17/1993,Porto
Portugal,12,Anthony Lopes,GK,10/1/1990,Lyon
Portugal,22,Beto,GK,5/1/1982,Göztepe
Portugal,2,Nélson Semedo,DF,11/16/1993,Barcelona
Portugal,3,Pepe,DF,2/26/1983,Beşiktaş
Portugal,4,Luís Neto,DF,5/26/1988,Fenerbahçe
Portugal,5,Vitorino Antunes,DF,4/1/1987,Getafe
Portugal,15,Edgar Ié,DF,5/1/1994,Lille
Portugal,20,Kévin Rodrigues,DF,3/5/1994,Real Sociedad
Portugal,21,Ricardo Pereira,DF,10/6/1993,Porto
Portugal,23,João Cancelo,DF,5/27/1994,Internazionale
Portugal,24,Ricardo Ferreira,DF,11/25/1992,Braga
Portugal,6,Rúben Neves,MF,3/13/1997,Wolverhampton Wanderers
Portugal,8,Bruno Fernandes,MF,9/8/1994,Sporting CP
Portugal,10,João Mário,MF,1/19/1993,West Ham United
Portugal,11,Bernardo Silva,MF,8/10/1994,Manchester City
Portugal,13,Danilo Pereira,MF,9/9/1991,Porto
Portugal,14,Manuel Fernandes,MF,2/5/1986,Lokomotiv Moscow
Portugal,7,Gonçalo Guedes,FW,11/29/1996,Valencia
Portugal,9,André Silva,FW,11/6/1995,Milan
Portugal,16,Rony Lopes,FW,12/28/1995,Monaco
Portugal,17,Bruma,FW,10/24/1994,RB Leipzig
Portugal,18,Gelson Martins,FW,5/11/1995,Sporting CP
Portugal,19,Gonçalo Paciência,FW,8/1/1994,Porto
Ghana,1,Richard Ofori,GK,11/10/1993,Orlando Pirates
Ghana,12,Lawrence Ati-Zigi,GK,11/29/1996,St. Gallen
Ghana,16,Joe Wollacott,GK,9/8/1996,Swindon Town
Ghana,2,Andy Yiadom,DF,12/2/1991,Reading
Ghana,3,Denis Odoi,DF,5/27/1988,Club Brugge
Ghana,4,Montari Kamaheni,DF,2/1/2000,Ashdod
Ghana,6,Joseph Aidoo,DF,9/29/1995,Celta de Vigo
Ghana,14,Gideon Mensah,DF,7/18/1998,Bordeaux
Ghana,18,Daniel Amartey,DF,12/1/1994,Leicester City
Ghana,23,Alexander Djiku,DF,8/9/1994,Strasbourg
Ghana,5,Thomas Partey,MF,6/13/1993,Arsenal
Ghana,8,Daniel-Kofi Kyereh,MF,3/8/1996,St. Pauli
Ghana,10,Elisha Owusu,MF,11/7/1997,Gent
Ghana,11,Osman Bukari,MF,12/13/1998,Nantes
Ghana,15,Joseph Paintsil,MF,2/1/1998,Genk
Ghana,19,Yaw Yeboah,MF,3/28/1997,Columbus Crew
Ghana,20,Mohammed Kudus,MF,8/2/2000,Ajax
Ghana,21,Iddrisu Baba,MF,1/22/1996,Mallorca
Ghana,7,Abdul Fatawu Issahaku,FW,3/8/2004,Sporting CP
Ghana,9,Jordan Ayew,FW,9/11/1991,Crystal Palace
Ghana,13,Felix Afena-Gyan,FW,1/19/2003,A.S. Roma-Roma
Ghana,17,Kwasi Okyere Wriedt,FW,7/10/1994,Holstein Kiel
Ghana,22,Christopher Antwi-Adjei,FW,2/7/1994,VfL Bochum
Spain,1,David de Gea,GK,11/7/1990,Manchester United
Spain,13,Kepa Arrizabalaga,GK,10/3/1994,Athletic Bilbao
Spain,23,Pepe Reina,GK,8/31/1982,Napoli
Spain,2,Álvaro Odriozola,DF,12/14/1995,Real Sociedad
Spain,3,Gerard Piqué,DF,2/2/1987,Barcelona
Spain,4,Marc Bartra,DF,1/15/1991,Betis
Spain,14,Nacho,DF,1/18/1990,Real Madrid
Spain,15,Sergio Ramos,DF,3/30/1986,Real Madrid
Spain,16,Alberto Moreno,DF,7/5/1992,Liverpool
Spain,18,Jordi Alba,DF,3/21/1989,Barcelona
Spain,5,Sergio Busquets,MF,7/16/1988,Barcelona
Spain,6,Andrés Iniesta,MF,5/11/1984,Barcelona
Spain,8,Saúl,MF,11/21/1994,Atlético Madrid
Spain,10,Thiago,MF,4/11/1991,Bayern Munich
Spain,12,Luis Alberto,MF,9/28/1992,Lazio
Spain,20,Marco Asensio,MF,1/21/1996,Real Madrid
Spain,21,David Silva,MF,1/8/1986,Manchester City
Spain,24,Suso,MF,11/19/1993,Milan
Spain,25,Asier Illarramendi,MF,3/8/1990,Real Sociedad
Spain,7,Álvaro Morata,FW,10/23/1992,Chelsea
Spain,9,José Callejón,FW,2/11/1987,Napoli
Spain,11,Vitolo,FW,11/2/1989,Atlético Madrid
Spain,17,Iago Aspas,FW,8/1/1987,Celta Vigo
Spain,19,Rodrigo,FW,3/6/1991,Valencia
Morocco,1,Yassine Bounou,GK,4/5/1991,Girona
Morocco,12,Munir Mohamedi,GK,5/10/1989,Numancia
Morocco,22,Ahmed Reda Tagnaouti,GK,4/5/1996,IR Tanger
Morocco,2,Achraf Hakimi,DF,11/4/1998,Real Madrid
Morocco,3,Fouad Chafik,DF,10/16/1986,Dijon
Morocco,4,Badr Banoun,DF,9/30/1993,Raja Casablanca
Morocco,5,Medhi Benatia,DF,4/17/1987,Juventus
Morocco,6,Romain Saïss,DF,3/26/1990,Wolverhampton Wanderers
Morocco,17,Nabil Dirar,DF,2/25/1986,Fenerbahçe
Morocco,20,Hamza Mendyl,DF,10/21/1997,Lille
Morocco,7,Hakim Ziyech,MF,3/19/1993,Ajax
Morocco,8,Karim El Ahmadi,MF,1/27/1985,Feyenoord
Morocco,9,Sofiane Boufal,MF,9/17/1993,Southampton
Morocco,10,Younès Belhanda,MF,2/25/1990,Galatasaray
Morocco,11,Fayçal Fajr,MF,8/1/1988,Getafe
Morocco,14,Mbark Boussoufa,MF,8/15/1984,Al-Jazira
Morocco,15,Mimoun Mahi,MF,3/13/1994,Groningen
Morocco,16,Nordin Amrabat,MF,3/31/1987,Leganés
Morocco,18,Amine Harit,MF,6/18/1997,Schalke 04
Morocco,19,Sofyan Amrabat,MF,8/21/1996,Feyenoord
Morocco,13,Khalid Boutaïb,FW,4/24/1987,Yeni Malatyaspor
Morocco,21,Achraf Bencharki,FW,9/24/1994,Al-Hilal
Morocco,23,Rachid Alioui,FW,6/28/1992,Nîmes
Iran,1,Alireza Beiranvand,GK,9/21/1992,Persepolis
Iran,12,Mohammad Rashid Mazaheri,GK,5/18/1989,Zob Ahan
Iran,22,Amir Abedzadeh,GK,4/26/1993,Marítimo
Iran,2,Vouria Ghafouri,DF,9/20/1987,Esteghlal
Iran,4,Jalal Hosseini,DF,2/3/1982,Persepolis
Iran,5,Milad Mohammadi,DF,9/29/1993,Akhmat Grozny
Iran,8,Morteza Pouraliganji,DF,4/19/1992,Al-Sadd
Iran,13,Rouzbeh Cheshmi,DF,7/24/1993,Esteghlal
Iran,23,Ramin Rezaeian,DF,3/21/1990,Oostende
Iran,24,Saeid Aghaei,DF,2/9/1995,Sepahan
Iran,3,Ehsan Hajsafi,MF,2/25/1990,Olympiacos
Iran,6,Saeid Ezatolahi,MF,10/1/1996,Amkar Perm
Iran,7,Saman Ghoddos,MF,9/6/1993,Östersund
Iran,9,Omid Ebrahimi,MF,9/16/1987,Esteghlal
Iran,11,Vahid Amiri,MF,4/2/1988,Persepolis
Iran,14,Ali Karimi,MF,2/11/1994,Sepahan
Iran,15,Akbar Imani,MF,3/21/1992,Zob Ahan
Iran,18,Alireza Jahanbakhsh,MF,8/11/1993,AZ
Iran,21,Ashkan Dejagah,MF,6/5/1986,Nottingham Forest
Iran,25,Ahmad Abdollahzadeh,MF,5/6/1993,Foolad
Iran,26,Mehdi Torabi,MF,9/10/1994,Saipa
Iran,10,Karim Ansarifard,FW,4/3/1990,Olympiacos
Iran,16,Reza Ghoochannejhad,FW,9/20/1987,Heerenveen
Iran,17,Mehdi Taremi,FW,7/18/1992,Al-Gharafa
Iran,19,Kaveh Rezaei,FW,4/5/1992,Charleroi
Iran,20,Sardar Azmoun,FW,1/1/1995,Rubin Kazan
USA,,Zack Steffen,GK,4/2/1995,Manchester City
USA,,Matt Turner,GK,6/24/1994,New England Revolution
USA,,Ethan Horvath,GK,6/9/1995,Nottingham Forest F.C.
USA,,DeAndre Yedlin,DF,7/9/1993,Inter Miami
USA,,Walker Zimmerman,DF,5/19/1993,Nashville SC
USA,,Antonee Robinson,DF,8/8/1997,Fulham
USA,,Reggie Cannon,DF,6/11/1998,Boavista
USA,,Aaron Long,DF,10/12/1992,New York Red Bulls
USA,,Cameron Carter-Vickers,DF,12/31/1997,Celtic
USA,,George Bello,DF,1/22/2002,Arminia Bielefeld
USA,,Erik Palmer-Brown,DF,4/24/1997,Troyes
USA,,Joe Scally,DF,12/31/2002,Borussia Mönchengladbach
USA,,Kellyn Acosta,MF,7/24/1995,Los Angeles FC
USA,,Weston McKennie,MF,8/28/1998,Juventus
USA,,Cristian Roldan,MF,6/3/1995,Seattle Sounders FC
USA,,Tyler Adams,MF,2/14/1999,RB Leipzig
USA,,Yunus Musah,MF,11/29/2002,Valencia CF
USA,,Luca de la Torre,MF,5/23/1998,Heracles Almelo
USA,,Djordje Mihailovic,MF,11/10/1998,CF Montréal
USA,,Malik Tillman,MF,5/28/2002,FC Bayern Munich
USA,,Christian Pulisic,FW,9/18/1998,Chelsea
USA,,Jordan Morris,FW,10/26/1994,Seattle Sounders FC
USA,,Paul Arriola,FW,2/5/1995,FC Dallas
USA,,Timothy Weah,FW,2/22/2000,Lille
USA,,Brenden Aaronson,FW,10/22/2000,Red Bull Salzburg
USA,,Jesús Ferreira,FW,12/24/2000,FC Dallas
USA,,Haji Wright,FW,3/27/1998,Antalyaspor
France,1,Alphonse Areola,GK,2/27/1993,Paris Saint-Germain
France,16,Steve Mandanda,GK,3/28/1985,Marseille
France,23,Benoît Costil,GK,7/3/1987,Bordeaux
France,2,Christophe Jallet,DF,10/31/1983,Nice
France,3,Layvin Kurzawa,DF,9/4/1992,Paris Saint-Germain
France,4,Raphaël Varane,DF,4/25/1993,Real Madrid
France,5,Samuel Umtiti,DF,11/14/1993,Barcelona
France,17,Lucas Digne,DF,7/20/1993,Barcelona
France,19,Benjamin Pavard,DF,3/28/1996,VfB Stuttgart
France,21,Laurent Koscielny,DF,9/10/1985,Arsenal
France,22,Presnel Kimpembe,DF,8/13/1995,Paris Saint-Germain
France,6,Corentin Tolisso,MF,8/3/1994,Bayern Munich
France,14,Blaise Matuidi,MF,4/9/1987,Juventus
France,15,Adrien Rabiot,MF,4/3/1995,Paris Saint-Germain
France,18,Moussa Sissoko,MF,8/16/1989,Tottenham Hotspur
France,24,Steven N'Zonzi,MF,12/15/1988,Sevilla
France,7,Antoine Griezmann,FW,3/21/1991,Atlético Madrid
France,8,Nabil Fekir,FW,7/18/1993,Lyon
France,10,Alexandre Lacazette,FW,5/28/1991,Arsenal
France,11,Kingsley Coman,FW,6/13/1996,Bayern Munich
France,12,Kylian Mbappé,FW,12/20/1998,Paris Saint-Germain
France,13,Florian Thauvin,FW,1/26/1993,Marseille
France,20,Anthony Martial,FW,12/5/1995,Manchester United
Peru,,Pedro Gallese,GK,2/23/1990,Orlando City
Peru,,José Carvallo,GK,3/1/1986,Universitario
Peru,,Ángelo Campos,GK,4/27/1993,Alianza Lima
Peru,,Luis Advíncula,DF,3/2/1990,Boca Juniors
Peru,,Christian Ramos,DF,11/4/1988,Alianza Lima
Peru,,Miguel Trauco,DF,8/25/1992,Saint-Étienne
Peru,,Carlos Zambrano,DF,7/10/1989,Boca Juniors
Peru,,Aldo Corzo,DF,5/20/1989,Universitario
Peru,,Luis Abram,DF,2/27/1996,Cruz Azul
Peru,,Alexander Callens,DF,5/4/1992,New York City FC
Peru,,Miguel Araujo,DF,10/24/1994,FC Emmen
Peru,,Marcos López,DF,11/20/1999,San Jose Earthquakes
Peru,,Yoshimar Yotún,MF,4/7/1990,Sporting Cristal
Peru,,Christian Cueva,MF,11/23/1991,Al-Fateh
Peru,,André Carrillo,MF,6/14/1991,Al-Hilal
Peru,,Renato Tapia,MF,7/28/1995,Celta Vigo
Peru,,Edison Flores,MF,5/15/1994,D.C. United
Peru,,Christofer Gonzáles,MF,10/12/1992,Sporting Cristal
Peru,,Pedro Aquino,MF,4/13/1995,Club América
Peru,,Sergio Peña,MF,9/28/1995,Malmö FF
Peru,,Wilder Cartagena,MF,9/23/1994,Al-Ittihad Kalba SC
Peru,,Gabriel Costa,MF,4/2/1990,Colo-Colo
Peru,,Horacio Calcaterra,MF,2/22/1989,Sporting Cristal
Peru,,Raziel García,MF,2/15/1994,Club Deportes Tolima
Peru,,Jairo Concha,MF,5/27/1999,Alianza Lima
Peru,,Gianluca Lapadula,FW,2/7/1990,Benevento
Peru,,Santiago Ormeño,FW,2/4/1994,Club León
Peru,,Alex Valera,FW,5/16/1996,Universitario
Denmark,1,Kasper Schmeichel,GK,11/5/1986,Leicester City
Denmark,16,Jonas Lössl,GK,2/1/1989,Huddersfield Town
Denmark,22,Frederik Rønnow,GK,8/4/1992,Brøndby
Denmark,3,Jannik Vestergaard,DF,8/3/1992,Borussia Mönchengladbach
Denmark,4,Simon Kjær,DF,3/26/1989,Sevilla
Denmark,5,Peter Ankersen,DF,9/22/1990,Copenhagen
Denmark,6,Andreas Christensen,DF,4/10/1996,Chelsea
Denmark,12,Andreas Bjelland,DF,7/11/1988,Brentford
Denmark,13,Mathias Jørgensen,DF,4/23/1990,Huddersfield Town
Denmark,14,Jonas Knudsen,DF,9/16/1992,Ipswich Town
Denmark,17,Jens Stryger Larsen,DF,2/21/1991,Udinese
Denmark,2,Mike Jensen,MF,2/19/1988,Rosenborg
Denmark,7,William Kvist,MF,2/24/1985,Copenhagen
Denmark,8,Thomas Delaney,MF,9/3/1991,Werder Bremen
Denmark,10,Christian Eriksen,MF,2/14/1992,Tottenham Hotspur
Denmark,18,Lukas Lerager,MF,7/12/1993,Bordeaux
Denmark,19,Lasse Schöne,MF,5/27/1986,Ajax
Denmark,23,Pione Sisto,MF,2/4/1995,Celta Vigo
Denmark,9,Nicolai Jørgensen,FW,1/15/1991,Feyenoord
Denmark,11,Nicklas Bendtner,FW,1/16/1988,Rosenborg
Denmark,15,Martin Braithwaite,FW,6/5/1991,Bordeaux
Denmark,20,Yussuf Poulsen,FW,6/15/1994,RB Leipzig
Denmark,21,Andreas Cornelius,FW,3/16/1993,Atalanta
Argentina,1,Sergio Romero,GK,2/22/1987,Manchester United
Argentina,12,Nahuel Guzmán,GK,2/10/1986,UANL
Argentina,23,Willy Caballero,GK,9/28/1981,Chelsea
Argentina,2,Federico Fazio,DF,3/17/1987,Roma
Argentina,3,Nicolás Tagliafico,DF,8/31/1992,Ajax
Argentina,4,Gabriel Mercado,DF,3/18/1987,Sevilla
Argentina,13,Ramiro Funes Mori,DF,3/5/1991,Everton
Argentina,14,Javier Mascherano,DF,6/8/1984,Hebei China Fortune
Argentina,16,Marcos Rojo,DF,3/20/1990,Manchester United
Argentina,17,Nicolás Otamendi,DF,2/12/1988,Manchester City
Argentina,,Fabricio Bustos,DF,4/28/1996,Independiente
Argentina,5,Leandro Paredes,MF,6/29/1994,Zenit Saint Petersburg
Argentina,6,Lucas Biglia,MF,1/30/1986,Milan
Argentina,11,Ángel Di María,MF,2/14/1988,Paris Saint-Germain
Argentina,15,Marcos Acuña,MF,10/28/1991,Sporting CP
Argentina,18,Giovani Lo Celso,MF,4/9/1996,Paris Saint-Germain
Argentina,19,Éver Banega,MF,6/29/1988,Sevilla
Argentina,20,Manuel Lanzini,MF,2/15/1993,West Ham United
Argentina,22,Eduardo Salvio,MF,7/13/1990,Benfica
Argentina,,Pablo Pérez,MF,10/8/1985,Boca Juniors
Argentina,7,Sergio Agüero,FW,6/2/1988,Manchester City
Argentina,8,Diego Perotti,FW,7/26/1988,Roma
Argentina,9,Gonzalo Higuaín,FW,12/10/1987,Juventus
Argentina,10,Lionel Messi,FW,6/24/1987,Barcelona
Argentina,,Cristian Pavón,FW,1/21/1996,Boca Juniors
Argentina,,Lautaro Martínez,FW,8/22/1997,Racing
Croatia,,Danijel Subašić,GK,10/27/1984,Monaco
Croatia,,Lovre Kalinić,GK,4/3/1990,Gent
Croatia,,Dominik Livaković,GK,1/9/1995,Dinamo Zagreb
Croatia,,Vedran Ćorluka,DF,2/5/1986,Lokomotiv Moscow
Croatia,,Domagoj Vida,DF,4/29/1989,Beşiktaş
Croatia,,Ivan Strinić,DF,7/17/1987,Sampdoria
Croatia,,Dejan Lovren,DF,7/5/1989,Liverpool
Croatia,,Šime Vrsaljko,DF,1/10/1992,Atlético Madrid
Croatia,,Josip Pivarić,DF,1/30/1989,Dynamo Kyiv
Croatia,,Tin Jedvaj,DF,11/28/1995,Bayer Leverkusen
Croatia,,Matej Mitrović,DF,11/10/1993,Club Brugge
Croatia,,Marin Leovac,DF,8/7/1988,Rijeka
Croatia,,Zoran Nižić,DF,10/11/1989,Hajduk Split
Croatia,,Luka Modrić,MF,9/9/1985,Real Madrid
Croatia,,Ivan Rakitić,MF,3/10/1988,Barcelona
Croatia,,Ivan Perišić,MF,2/2/1989,Internazionale
Croatia,,Mateo Kovačić,MF,5/6/1994,Real Madrid
Croatia,,Milan Badelj,MF,2/25/1989,Fiorentina
Croatia,,Marcelo Brozović,MF,11/16/1992,Internazionale
Croatia,,Marko Rog,MF,7/19/1995,Napoli
Croatia,,Mario Pašalić,MF,2/9/1995,Spartak Moscow
Croatia,,Filip Bradarić,MF,1/11/1992,Rijeka
Croatia,,Mario Mandžukić,FW,5/21/1986,Juventus
Croatia,,Nikola Kalinić,FW,1/5/1988,Milan
Croatia,,Andrej Kramarić,FW,6/19/1991,1899 Hoffenheim
Croatia,,Marko Pjaca,FW,5/6/1995,Schalke 04
Croatia,,Duje Čop,FW,2/1/1990,Standard Liège
Croatia,,Ante Rebić,FW,9/21/1993,Eintracht Frankfurt
Croatia,,Ivan Santini,FW,5/21/1989,Caen
Brazil,1,Alisson,GK,10/2/1992,Roma
Brazil,16,Cássio,GK,6/6/1987,Corinthians
Brazil,23,Ederson,GK,8/17/1993,Manchester City
Brazil,2,Dani Alves,DF,5/6/1983,Paris Saint-Germain
Brazil,14,Thiago Silva,DF,9/22/1984,Paris Saint-Germain
Brazil,12,Marcelo,DF,5/12/1988,Real Madrid
Brazil,3,Miranda,DF,9/7/1984,Internazionale
Brazil,13,Marquinhos,DF,5/14/1994,Paris Saint-Germain
Brazil,22,Danilo,DF,7/15/1991,Manchester City
Brazil,6,Alex Sandro,DF,1/26/1991,Juventus
Brazil,4,Jemerson,DF,8/24/1992,Monaco
Brazil,19,Willian,MF,8/9/1988,Chelsea
Brazil,15,Paulinho,MF,7/25/1988,Barcelona
Brazil,17,Fernandinho,MF,5/4/1985,Manchester City
Brazil,20,Diego,MF,2/28/1985,Flamengo
Brazil,11,Philippe Coutinho,MF,6/12/1992,Barcelona
Brazil,8,Renato Augusto,MF,2/8/1988,Beijing Guoan
Brazil,5,Casemiro,MF,2/23/1992,Real Madrid
Brazil,18,Giuliano,MF,5/31/1990,Fenerbahçe
Brazil,10,Neymar,FW,2/5/1992,Paris Saint-Germain
Brazil,7,Douglas Costa,FW,9/14/1990,Juventus
Brazil,21,Roberto Firmino,FW,10/2/1991,Liverpool
Brazil,9,Gabriel Jesus,FW,4/3/1997,Manchester City
Brazil,25,Diego Souza,FW,6/17/1985,São Paulo
Brazil,24,Taison,FW,1/13/1988,Shakhtar Donetsk
Switzerland,1,Yann Sommer,GK,12/17/1988,Borussia Mönchengladbach
Switzerland,12,Marwin Hitz,GK,9/18/1987,FC Augsburg
Switzerland,21,Roman Bürki,GK,11/14/1990,Borussia Dortmund
Switzerland,2,Stephan Lichtsteiner,DF,1/16/1984,Juventus
Switzerland,3,Léo Lacroix,DF,2/27/1992,Basel
Switzerland,4,Nico Elvedi,DF,9/30/1996,Borussia Mönchengladbach
Switzerland,5,Manuel Akanji,DF,7/19/1995,Borussia Dortmund
Switzerland,6,Michael Lang,DF,2/8/1991,Basel
Switzerland,13,Ricardo Rodríguez,DF,8/25/1992,Milan
Switzerland,22,Fabian Schär,DF,12/20/1991,Deportivo La Coruña
Switzerland,8,Remo Freuler,MF,4/15/1992,Atalanta
Switzerland,10,Granit Xhaka,MF,9/27/1992,Arsenal
Switzerland,11,Valon Behrami,MF,4/19/1985,Udinese
Switzerland,14,Steven Zuber,MF,8/17/1991,1899 Hoffenheim
Switzerland,15,Blerim Džemaili,MF,4/12/1986,Bologna
Switzerland,16,Gélson Fernandes,MF,9/2/1986,Eintracht Frankfurt
Switzerland,17,Denis Zakaria,MF,11/20/1996,Borussia Mönchengladbach
Switzerland,20,Edimilson Fernandes,MF,4/15/1996,West Ham United
Switzerland,23,Xherdan Shaqiri,MF,10/10/1991,Stoke City
Switzerland,7,Breel Embolo,FW,2/14/1997,Schalke 04
Switzerland,9,Haris Seferović,FW,2/22/1992,Benfica
Switzerland,18,Admir Mehmedi,FW,3/16/1991,VfL Wolfsburg
Switzerland,19,Mario Gavranović,FW,11/24/1989,Dinamo Zagreb
Cameroon,1,Simon Omossola,GK,5/5/1998,AS Vita Club
Cameroon,16,Devis Epassy,GK,2/2/1993,OFI Crete
Cameroon,23,André Onana,GK,4/2/1996,AFC Ajax
Cameroon,2,Duplexe Tchamba,DF,7/10/1998,SønderjyskE Fodbold
Cameroon,4,Harold Moukoudi,DF,11/27/1997,AS Saint-Étienne
Cameroon,5,Michael Ngadeu-Ngadjui,DF,11/23/1990,K.A.A. Gent
Cameroon,6,Ambroise Oyongo,DF,6/22/1991,Montpellier HSC
Cameroon,11,Nouhou Tolo,DF,6/23/1997,Seattle Sounders FC
Cameroon,17,Olivier Mbaizo,DF,8/15/1997,Philadelphia Union
Cameroon,19,Collins Fai,DF,11/23/1992,Al-Tai FC
Cameroon,21,Jean-Charles Castelletto,DF,1/26/1995,FC Nantes
Cameroon,7,Jean Onana,MF,1/8/2000,Bordeaux
Cameroon,8,Gaël Ondoua,MF,11/4/1995,Hannover 96
Cameroon,14,Samuel Gouet,MF,12/14/1997,K.V. Mechelen-Mechelen
Cameroon,15,Pierre Kunde,MF,7/26/1995,Olympiacos F.C.-Olympiacos
Cameroon,18,Martin Hongla,MF,3/16/1998,Hellas Verona F.C.
Cameroon,22,Arnaud Djoum,MF,5/2/1989,Apollon Limassol FC
Cameroon,3,Léandre Tawamba,FW,12/20/1989,Al-Taawoun FC
Cameroon,9,Kévin Soni,FW,4/17/1998,Asteras Tripolis F.C.
Cameroon,10,Vincent Aboubakar,FW,1/22/1992,Al-Nassr
Cameroon,12,Karl Toko Ekambi,FW,9/14/1992,Olympique Lyon
Cameroon,13,Eric Maxim Choupo-Moting,FW,3/23/1989,FC Bayern Munich
Cameroon,20,Ignatius Ganago,FW,2/16/1999,RC Lens
CostaRica,,Patrick Pemberton,GK,5/24/1982,Alajuelense
CostaRica,,Leonel Moreira,GK,4/2/1990,Herediano
CostaRica,,Danny Carvajal,GK,1/8/1989,Tokushima Vortis
CostaRica,,Giancarlo González,DF,2/8/1988,Bologna
CostaRica,,Cristian Gamboa,DF,10/24/1989,Celtic
CostaRica,,Bryan Oviedo,DF,2/18/1990,Sunderland
CostaRica,,José Salvatierra,DF,10/10/1989,Alajuelense
CostaRica,,Óscar Duarte,DF,6/3/1989,Espanyol
CostaRica,,Francisco Calvo,DF,7/8/1992,Minnesota United
CostaRica,,Kendall Waston,DF,1/1/1988,Vancouver Whitecaps
CostaRica,,Rónald Matarrita,DF,7/9/1994,New York City
CostaRica,,Kenner Gutiérrez,DF,6/9/1989,Alajuelense
CostaRica,,Celso Borges,MF,5/27/1988,Deportivo La Coruña
CostaRica,,Christian Bolaños,MF,5/17/1984,Saprissa
CostaRica,,Yeltsin Tejeda,MF,3/17/1992,Lausanne-Sport
CostaRica,,David Guzmán,MF,2/18/1990,Portland Timbers
CostaRica,,Rodney Wallace,MF,6/17/1988,New York City
CostaRica,,Osvaldo Rodríguez,MF,12/17/1990,Santos de Guápiles
CostaRica,,Daniel Colindres,MF,1/10/1985,Saprissa
CostaRica,,Ulises Segura,MF,6/26/1993,D.C. United
CostaRica,,Marco Ureña,FW,3/5/1990,Los Angeles
CostaRica,,Johan Venegas,FW,11/27/1988,Saprissa
CostaRica,,José Guillermo Ortiz,FW,6/20/1992,Herediano
Serbia,1,Vladimir Stojković,GK,7/28/1983,Partizan
Serbia,12,Predrag Rajković,GK,10/31/1995,Maccabi Tel Aviv
Serbia,23,Marko Dmitrović,GK,1/24/1992,Eibar
Serbia,6,Branislav Ivanović,DF,2/22/1984,Zenit Saint Petersburg
Serbia,11,Aleksandar Kolarov,DF,11/10/1985,Roma
Serbia,2,Antonio Rukavina,DF,1/26/1984,Villarreal
Serbia,3,Ivan Obradović,DF,7/25/1988,Anderlecht
Serbia,—,Matija Nastasić,DF,3/28/1993,Schalke 04
Serbia,18,Duško Tošić,DF,1/19/1985,Beşiktaş
Serbia,—,Nikola Maksimović,DF,11/25/1991,Spartak Moscow
Serbia,—,Dušan Basta,DF,8/18/1984,Lazio
Serbia,5,Miloš Veljković,DF,9/26/1995,Werder Bremen
Serbia,—,Vujadin Savić,DF,7/1/1990,Red Star Belgrade
Serbia,10,Dušan Tadić,MF,11/20/1988,Southampton
Serbia,21,Nemanja Matić,MF,8/1/1988,Manchester United
Serbia,22,Adem Ljajić,MF,9/29/1991,Torino
Serbia,16,Luka Milivojević,MF,4/7/1991,Crystal Palace
Serbia,17,Filip Kostić,MF,11/1/1992,Hamburger SV
Serbia,19,Andrija Živković,MF,7/11/1996,Benfica
Serbia,14,Mijat Gaćinović,MF,2/8/1995,Eintracht Frankfurt
Serbia,—,Marko Grujić,MF,4/13/1996,Cardiff City
Serbia,20,Sergej Milinković-Savić,MF,2/27/1995,Lazio
Serbia,9,Aleksandar Mitrović,FW,9/16/1994,Fulham
Serbia,8,Aleksandar Prijović,FW,4/21/1990,PAOK
Germany,1,Kevin Trapp,GK,7/8/1990,Paris Saint-Germain
Germany,12,Bernd Leno,GK,3/4/1992,Bayer Leverkusen
Germany,22,Marc-André ter Stegen,GK,4/30/1992,Barcelona
Germany,2,Niklas Süle,DF,9/3/1995,Bayern Munich
Germany,3,Marvin Plattenhardt,DF,1/26/1992,Hertha BSC
Germany,4,Matthias Ginter,DF,1/19/1994,Borussia Mönchengladbach
Germany,5,Mats Hummels,DF,12/16/1988,Bayern Munich
Germany,16,Antonio Rüdiger,DF,3/3/1993,Chelsea
Germany,18,Joshua Kimmich,DF,2/8/1995,Bayern Munich
Germany,25,Marcel Halstenberg,DF,9/27/1991,RB Leipzig
Germany,6,Sami Khedira,MF,4/4/1987,Juventus
Germany,7,Julian Draxler,MF,9/20/1993,Paris Saint-Germain
Germany,8,Toni Kroos,MF,1/4/1990,Real Madrid
Germany,10,Mesut Özil,MF,10/15/1988,Arsenal
Germany,14,Emre Can,MF,1/12/1994,Liverpool
Germany,19,Mario Götze,MF,6/3/1992,Borussia Dortmund
Germany,20,Julian Brandt,MF,5/2/1996,Bayer Leverkusen
Germany,21,İlkay Gündoğan,MF,10/24/1990,Manchester City
Germany,23,Sebastian Rudy,MF,2/28/1990,Bayern Munich
Germany,24,Leroy Sané,MF,1/11/1996,Manchester City
Germany,9,Sandro Wagner,FW,11/29/1987,Bayern Munich
Germany,11,Timo Werner,FW,3/6/1996,RB Leipzig
Germany,13,Lars Stindl,FW,8/26/1988,Borussia Mönchengladbach
Mexico,,Jonathan Orozco,GK,5/12/1986,Santos Laguna
Mexico,,Rodolfo Cota,GK,7/3/1987,Guadalajara
Mexico,,Gibrán Lajud,GK,12/25/1993,Tijuana
Mexico,,Hugo Ayala,DF,3/31/1987,UANL
Mexico,,Néstor Araujo,DF,8/21/1991,Santos Laguna
Mexico,,Oswaldo Alanís,DF,3/18/1989,Guadalajara
Mexico,,Jesús Gallardo,DF,8/14/1994,UNAM
Mexico,,Edson Álvarez,DF,10/24/1997,América
Mexico,,Luis Rodríguez,DF,1/21/1991,UANL
Mexico,,César Montes,DF,2/24/1997,Monterrey
Mexico,,Giovani dos Santos,MF,5/11/1989,LA Galaxy
Mexico,,Javier Aquino,MF,2/11/1990,UANL
Mexico,,Jonathan dos Santos,MF,4/26/1990,LA Galaxy
Mexico,,Jesús Molina,MF,3/29/1988,Monterrey
Mexico,,Elías Hernández,MF,4/29/1988,León
Mexico,,Orbelín Pineda,MF,3/24/1996,Guadalajara
Mexico,,Rodolfo Pizarro,MF,2/15/1994,Guadalajara
Mexico,,Jürgen Damm,MF,11/7/1992,UANL
Mexico,,Jorge Hernández,MF,6/10/1989,Pachuca
Mexico,,Jonathan González,MF,4/13/1999,Monterrey
Mexico,,Carlos Vela,FW,3/1/1989,Los Angeles
Mexico,,Henry Martín,FW,11/18/1992,América
SouthKorea,1,Kim Seung-gyu,GK,9/30/1990,Vissel Kobe
SouthKorea,21,Cho Hyun-woo,GK,9/25/1991,Daegu FC
SouthKorea,23,Kim Dong-jun,GK,12/19/1994,Seongnam FC
SouthKorea,19,Kim Young-gwon,DF,2/27/1990,Guangzhou Evergrande
SouthKorea,3,Kim Jin-su,DF,6/13/1992,Jeonbuk Hyundai Motors
SouthKorea,14,Go Yo-han,DF,3/10/1988,FC Seoul
SouthKorea,12,Hong Chul,DF,9/17/1990,Sangju Sangmu
SouthKorea,2,Choi Chul-soon,DF,2/18/1987,Jeonbuk Hyundai Motors
SouthKorea,5,Kim Min-jae,DF,11/15/1996,Jeonbuk Hyundai Motors
SouthKorea,4,Jung Seung-hyun,DF,4/3/1994,Sagan Tosu
SouthKorea,6,Yun Young-sun,DF,10/4/1988,Sangju Sangmu
SouthKorea,11,Lee Keun-ho,MF,4/11/1985,Gangwon FC
SouthKorea,17,Lee Jae-sung,MF,8/10/1992,Jeonbuk Hyundai Motors
SouthKorea,16,Jung Woo-young,MF,12/14/1989,Vissel Kobe
SouthKorea,7,Lee Seung-gi,MF,6/2/1988,Jeonbuk Hyundai Motors
SouthKorea,10,Kim Seung-dae,MF,4/1/1991,Pohang Steelers
SouthKorea,15,Kim Tae-hwan,MF,7/24/1989,Sangju Sangmu
SouthKorea,8,Kim Sung-joon,MF,4/8/1988,FC Seoul
SouthKorea,22,Son Jun-ho,MF,5/12/1992,Jeonbuk Hyundai Motors
SouthKorea,13,Lee Chan-dong,MF,1/10/1993,Jeju United
SouthKorea,9,Kim Shin-wook,FW,4/14/1988,Jeonbuk Hyundai Motors
SouthKorea,18,Jin Seong-wook,FW,11/16/1993,Jeju United
Belgium,1,Thibaut Courtois,GK,5/11/1992,Chelsea
Belgium,12,Simon Mignolet,GK,3/6/1988,Liverpool
Belgium,13,Koen Casteels,GK,6/25/1992,Wolfsburg
Belgium,,Matz Sels,GK,2/26/1992,Anderlecht
Belgium,5,Jan Vertonghen,DF,4/24/1987,Tottenham Hotspur
Belgium,3,Thomas Vermaelen,DF,11/14/1985,Barcelona
Belgium,15,Thomas Meunier,DF,9/12/1991,Paris Saint-Germain
Belgium,23,Laurent Ciman,DF,8/5/1985,Los Angeles
Belgium,2,Jordan Lukaku,DF,7/25/1994,Lazio
Belgium,20,Dedryck Boyata,DF,11/28/1990,Celtic
Belgium,4,Leander Dendoncker,DF,4/15/1995,Anderlecht
Belgium,24,Christian Kabasele,DF,2/24/1991,Watford
Belgium,6,Axel Witsel,MF,1/12/1989,Tianjin Quanjian
Belgium,10,Eden Hazard,MF,1/7/1991,Chelsea
Belgium,19,Mousa Dembélé,MF,7/16/1987,Tottenham Hotspur
Belgium,7,Kevin De Bruyne,MF,6/28/1991,Manchester City
Belgium,16,Steven Defour,MF,4/15/1988,Burnley
Belgium,22,Nacer Chadli,MF,8/2/1989,West Bromwich Albion
Belgium,18,Thorgan Hazard,MF,3/29/1993,Borussia Mönchengladbach
Belgium,8,Youri Tielemans,MF,5/7/1997,Monaco
Belgium,25,Adnan Januzaj,MF,2/5/1995,Real Sociedad
Belgium,9,Romelu Lukaku,FW,5/13/1993,Manchester United
Belgium,14,Dries Mertens,FW,5/6/1987,Napoli
Belgium,17,Divock Origi,FW,4/18/1995,Wolfsburg
Belgium,21,Laurent Depoitre,FW,12/7/1988,Huddersfield Town
Canada,,Milan Borjan,GK,10/23/1987,Red Star Belgrade
Canada,,Maxime Crépeau,GK,4/11/1994,Los Angeles FC
Canada,,Dayne St. Clair,GK,5/9/1997,Minnesota United FC
Canada,,Doneil Henry,DF,4/20/1993,Los Angeles FC
Canada,,Steven Vitória,DF,1/11/1987,Moreirense F.C
Canada,,Sam Adekugbe,DF,1/16/1995,Hatayspor
Canada,,Richie Laryea,DF,1/7/1995,Nottingham Forest F.C.
Canada,,Alistair Johnston,DF,8/8/1998,CF Montréal
Canada,,Kamal Miller,DF,5/16/1997,CF Montréal
Canada,,Scott Kennedy,DF,3/31/1997,SSV Jahn Regensburg
Canada,,Atiba Hutchinson,MF,2/8/1983,Beşiktaş J.K.
Canada,,Samuel Piette,MF,11/12/1994,CF Montréal
Canada,,Jonathan Osorio,MF,6/12/1992,Toronto FC
Canada,,Mark-Anthony Kaye,MF,12/2/1994,Colorado Rapids
Canada,,Stephen Eustáquio,MF,12/21/1996,FC Porto
Canada,,Raheem Edwards,MF,7/17/1995,LA Galaxy
Canada,,Cyle Larin,FW,4/17/1995,Beşiktaş J.K.
Canada,,Junior Hoilett,FW,6/5/1990,Reading F.C.
Canada,,Lucas Cavallini,FW,12/28/1992,Vancouver Whitecaps FC
Canada,,Jonathan David,FW,1/14/2000,Lille OSC
Canada,,Alphonso Davies,FW,11/2/2000,FC Bayern Munich
Canada,,Tajon Buchanan,FW,2/8/1999,Club Brugge KV
Canada,,Charles-Andreas Brym,FW,8/8/1998,FC Eindhoven
Canada,,Iké Ugbo,FW,9/21/1998,ES Troyes AC
Canada,,Luca Koleosho,FW,9/15/2004,RCD Espanyol
Tunisia,1,Farouk Ben Mustapha,GK,7/1/1989,Al-Shabab
Tunisia,16,Aymen Mathlouthi,GK,9/14/1984,Al-Batin
Tunisia,22,Moez Ben Cherifia,GK,6/24/1991,Espérance
Tunisia,2,Syam Ben Youssef,DF,12/31/1989,Kasımpaşa
Tunisia,4,Yassine Meriah,DF,7/2/1993,CS Sfaxien
Tunisia,5,Oussama Haddadi,DF,1/28/1992,Dijon
Tunisia,6,Rami Bedoui,DF,1/19/1990,Étoile du Sahel
Tunisia,12,Ali Maâloul,DF,1/1/1990,Al Ahly
Tunisia,17,Hamza Mathlouthi,DF,5/25/1992,CS Sfaxien
Tunisia,19,Khalil Chemmam,DF,7/4/1987,Espérance
Tunisia,21,Hamdi Nagguez,DF,10/28/1992,Zamalek
Tunisia,25,Ali Machani,DF,7/12/1993,Espérance
Tunisia,-,Dylan Bronn,DF,6/19/1995,Gent
Tunisia,3,Aymen Trabelsi,MF,2/17/1992,Étoile du Sahel
Tunisia,10,Wahbi Khazri,MF,2/8/1991,Rennes
Tunisia,13,Ferjani Sassi,MF,3/18/1992,Al-Nassr
Tunisia,14,Mohamed Amine Ben Amor,MF,1/1/1992,Al-Ahli
Tunisia,15,Karim Aouadhi,MF,5/2/1986,CS Sfaxien
Tunisia,18,Ghailene Chaalali,MF,2/28/1994,Espérance
Tunisia,23,Naïm Sliti,MF,7/27/1992,Dijon FCO
Tunisia,-,Ahmed Khalil,MF,12/21/1994,Club Africain
Tunisia,-,Bassem Srarfi,MF,6/25/1997,Nice
Tunisia,7,Youssef Msakni,FW,10/28/1990,Al-Duhail
Tunisia,8,Fakhreddine Ben Youssef,FW,6/21/1991,Al-Ettifaq
Tunisia,11,Taha Yassine Khenissi,FW,1/6/1992,Espérance
Tunisia,20,Anice Badri,FW,8/18/1990,Espérance
Tunisia,-,Yoann Touzghar,FW,11/28/1986,FC Sochaux
England,1,Joe Hart,GK,4/19/1987,West Ham United
England,13,Jordan Pickford,GK,3/7/1994,Everton
England,23,Angus Gunn,GK,1/22/1996,Norwich City
England,15,Gary Cahill,DF,12/19/1985,Chelsea
England,2,Kyle Walker,DF,5/28/1990,Manchester City
England,5,John Stones,DF,5/28/1994,Manchester City
England,3,Ryan Bertrand,DF,8/5/1989,Southampton
England,14,Danny Rose,DF,7/2/1990,Tottenham Hotspur
England,16,Michael Keane,DF,1/11/1993,Everton
England,6,Harry Maguire,DF,3/5/1993,Leicester City
England,12,Kieran Trippier,DF,9/19/1990,Tottenham Hotspur
England,4,Joe Gomez,DF,5/23/1997,Liverpool
England,18,Ashley Young,MF,7/9/1985,Manchester United
England,8,Eric Dier,MF,1/15/1994,Tottenham Hotspur
England,20,Jesse Lingard,MF,12/15/1992,Manchester United
England,7,Jake Livermore,MF,11/14/1989,West Bromwich Albion
England,10,Ruben Loftus-Cheek,MF,1/23/1996,Crystal Palace
England,17,Jack Cork,MF,6/25/1989,Burnley
England,19,Lewis Cook,MF,2/3/1997,Bournemouth
England,9,Jamie Vardy,FW,1/11/1987,Leicester City
England,11,Marcus Rashford,FW,10/31/1997,Manchester United
England,21,Tammy Abraham,FW,10/2/1997,Swansea City
England,22,Dominic Solanke,FW,9/14/1997,Liverpool
Poland,1,Wojciech Szczęsny,GK,4/18/1990,Juventus
Poland,12,Łukasz Skorupski,GK,5/5/1991,Bologna
Poland,22,Bartłomiej Drągowski,GK,8/19/1997,Fiorentina
Poland,15,Kamil Glik,DF,2/3/1988,Benevento
Poland,18,Bartosz Bereszyński,DF,7/12/1992,Sampdoria
Poland,5,Jan Bednarek,DF,4/12/1996,Southampton
Poland,4,Tomasz Kędziora,DF,6/11/1994,Lech Poznań
Poland,16,Tymoteusz Puchacz,DF,1/23/1999,Trabzonspor
Poland,2,Matty Cash,DF,8/7/1997,Aston Villa
Poland,3,Sebastian Walukiewicz,DF,4/5/2000,Cagliari
Poland,10,Grzegorz Krychowiak,MF,1/29/1990,FC Krasnodar
Poland,11,Kamil Grosicki,MF,6/8/1988,Pogoń Szczecin
Poland,20,Piotr Zieliński,MF,5/20/1994,Napoli
Poland,8,Karol Linetty,MF,2/2/1995,Torino
Poland,13,Mateusz Klich,MF,6/13/1990,Leeds United
Poland,19,Przemysław Frankowski,MF,4/12/1995,RC Lens
Poland,21,Kamil Jóźwiak,MF,4/22/1998,Charlotte FC
Poland,6,Jacek Góralski,MF,9/21/1992,FC Kairat
Poland,17,Przemysław Płacheta,MF,3/23/1998,Norwich City
Poland,9,Robert Lewandowski,FW,8/21/1988,Bayern Munich
Poland,7,Arkadiusz Milik,FW,2/28/1994,Olympique de Marseille
Poland,23,Krzysztof Piątek,FW,7/1/1995,Fiorentina
Poland,,Karol Świderski,FW,1/23/1997,Charlotte FC
Poland,14,Adam Buksa,FW,7/12/1996,New England Revolution
Japan,1,Masaaki Higashiguchi,GK,5/12/1986,Gamba Osaka
Japan,12,Shūichi Gonda,GK,3/3/1989,Sagan Tosu
Japan,23,Kōsuke Nakamura,GK,2/27/1995,Kashiwa Reysol
Japan,3,Gen Shōji,DF,12/11/1992,Kashima Antlers
Japan,4,Shōgo Taniguchi,DF,7/15/1991,Kawasaki Frontale
Japan,5,Shintarō Kurumaya,DF,4/5/1992,Kawasaki Frontale
Japan,6,Genta Miura,DF,3/1/1995,Gamba Osaka
Japan,19,Ryō Hatsuse,DF,7/10/1997,Gamba Osaka
Japan,20,Sei Muroya,DF,4/5/1995,FC Tokyo
Japan,21,Shūto Yamamoto,DF,6/1/1985,Kashima Antlers
Japan,22,Naomichi Ueda,DF,10/24/1994,Kashima Antlers
Japan,2,Yōsuke Ideguchi,MF,8/23/1996,Cultural Leonesa
Japan,8,Yōjiro Takahagi,MF,8/2/1986,FC Tokyo
Japan,10,Ryota Oshima,MF,1/23/1993,Kawasaki Frontale
Japan,13,Shoma Doi,MF,5/21/1992,Kashima Antlers
Japan,16,Kento Misao,MF,4/19/1996,Kashima Antlers
Japan,17,Yasuyuki Konno,MF,1/25/1983,Gamba Osaka
Japan,7,Shū Kurata,FW,11/26/1988,Gamba Osaka
Japan,9,Kengo Kawamata,FW,10/14/1989,Jubilo Iwata
Japan,11,Yu Kobayashi,FW,9/23/1987,Kawasaki Frontale
Japan,14,Jun'ya Itō,FW,3/9/1993,Kashiwa Reysol
Japan,15,Mū Kanazaki,FW,2/16/1989,Kashima Antlers
Japan,18,Hiroyuki Abe,FW,7/5/1989,Kawasaki Frontale
